<?xml version='1.0' encoding='UTF-8'?>
<!DOCTYPE hibernate-configuration PUBLIC
          "-//Hibernate/Hibernate Configuration DTD 3.0//EN"
          "http://hibernate.sourceforge.net/hibernate-configuration-3.0.dtd">

<!-- Generated by MyEclipse Hibernate Tools.                   -->
<hibernate-configuration>

	<session-factory>
		<property name="connection.username">root</property>
		<property name="connection.url">
			jdbc:mysql://localhost:3306/
		</property>
		<property name="dialect">
			org.hibernate.dialect.MySQLDialect
		</property>
		<property name="myeclipse.connection.profile">db</property>
		<property name="connection.password">root</property>
		<property name="connection.driver_class">
			com.mysql.jdbc.Driver
		</property>
		<mapping resource="feelsafeHibernatePackage/Rooms.hbm.xml" />
		<mapping resource="feelsafeHibernatePackage/Otherfees.hbm.xml" />
		<mapping
			resource="feelsafeHibernatePackage/Appointments.hbm.xml" />
		<mapping resource="feelsafeHibernatePackage/Health.hbm.xml" />
		<mapping resource="feelsafeHibernatePackage/Patient.hbm.xml" />
		<mapping resource="feelsafeHibernatePackage/Employees.hbm.xml" />
		<mapping resource="feelsafeHibernatePackage/Doctorfees.hbm.xml" />

	</session-factory>

</hibernate-configuration>