<?xml version="1.0" encoding="utf-8"?>
<!DOCTYPE hibernate-mapping PUBLIC "-//Hibernate/Hibernate Mapping DTD 3.0//EN"
"http://hibernate.sourceforge.net/hibernate-mapping-3.0.dtd">
<!-- 
    Mapping file autogenerated by MyEclipse - Hibernate Tools
-->
<hibernate-mapping>
    <class name="feelsafeHibernatePackage.Health" table="health" catalog="feelsafe">
        <id name="id" type="java.lang.Integer">
            <column name="id" />
            <generator class="assigned" />
        </id>
        <many-to-one name="employees" class="feelsafeHibernatePackage.Employees" fetch="select">
            <column name="doctoruserid" length="20" />
        </many-to-one>
        <property name="symptoms" type="java.lang.String">
            <column name="symptoms" length="20" />
        </property>
        <property name="diseasesname" type="java.lang.String">
            <column name="diseasesname" length="64" />
        </property>
        <property name="medication" type="java.lang.String">
            <column name="medication" length="64" />
        </property>
    </class>
</hibernate-mapping>
